Model,lnL,omega,kappa,np
M0,-2232.530365,1.21571,2.19261,79
M1a,-2217.390999,,2.07165,80
M2a,-2197.594127,,2.28536,82
M7,-2232.222155,,2.06814,80
M8,-2197.858068,,2.2915,82
