Model,lnL,omega,kappa,np
M0,-2188.97846,0.75222,2.03216,79
M1a,-2165.504814,,2.01148,80
M2a,-2160.223601,,2.08929,82
M7,-2167.494353,,1.98958,80
M8,-2160.461944,,2.09063,82
