Model,lnL,omega,kappa,np
M0,-608.310018,1.36024,2.63797,51
M1a,-609.032601,,2.61476,52
M2a,-605.113652,,2.70974,54
M7,-609.032601,,2.61476,52
M8,-605.113686,,2.70974,54
