Model,lnL,omega,kappa,np
M0,-2405.816608,1.12843,1.90584,55
M1a,-2403.815559,,1.81979,56
M2a,-2399.424527,,1.88874,58
M7,-2404.083034,,1.80773,56
M8,-2399.428656,,1.8901,58
